{
    "counter": {
        "ACTIVE": 18534,
        "INACTIVE": 2466,
        "INVALID": 0,
        "MALICIOUS": 0,
        "SANE": 0,
        "VALID": 0,
        "total": 21000
    },
    "percentage": {
        "ACTIVE": 88.25714285714285,
        "INACTIVE": 11.746772733768399,
        "INVALID": 0,
        "MALICIOUS": 0,
        "SANE": 0,
        "VALID": 0,
        "total": 100.00391559091125
    }
}