{
    "counter": {
        "ACTIVE": 16182,
        "INACTIVE": 4818,
        "INVALID": 0,
        "MALICIOUS": 0,
        "SANE": 0,
        "VALID": 0,
        "total": 21000
    },
    "percentage": {
        "ACTIVE": 77.05714285714286,
        "INACTIVE": 22.945042384989048,
        "INVALID": 0,
        "MALICIOUS": 0,
        "SANE": 0,
        "VALID": 0,
        "total": 100.00218524213192
    }
}