{
    "counter": {
        "ACTIVE": 18102,
        "INACTIVE": 2896,
        "INVALID": 2,
        "MALICIOUS": 0,
        "SANE": 0,
        "VALID": 0,
        "total": 21000
    },
    "percentage": {
        "ACTIVE": 86.2,
        "INACTIVE": 13.791789694256597,
        "INVALID": 0.024102193299590263,
        "MALICIOUS": 0,
        "SANE": 0,
        "VALID": 0,
        "total": 100.01589188755618
    }
}