{
    "counter": {
        "ACTIVE": 19728,
        "INACTIVE": 1272,
        "INVALID": 0,
        "MALICIOUS": 0,
        "SANE": 0,
        "VALID": 0,
        "total": 21000
    },
    "percentage": {
        "ACTIVE": 93.94285714285714,
        "INACTIVE": 6.064940637963096,
        "INVALID": 0,
        "MALICIOUS": 0,
        "SANE": 0,
        "VALID": 0,
        "total": 100.00779778082023
    }
}