{
    "counter": {
        "ACTIVE": 19327,
        "INACTIVE": 1673,
        "INVALID": 0,
        "MALICIOUS": 0,
        "SANE": 0,
        "VALID": 0,
        "total": 21000
    },
    "percentage": {
        "ACTIVE": 92.03333333333333,
        "INACTIVE": 7.969323107702568,
        "INVALID": 0,
        "MALICIOUS": 0,
        "SANE": 0,
        "VALID": 0,
        "total": 100.0026564410359
    }
}