{
    "counter": {
        "ACTIVE": 18889,
        "INACTIVE": 2111,
        "INVALID": 0,
        "MALICIOUS": 0,
        "SANE": 0,
        "VALID": 0,
        "total": 21000
    },
    "percentage": {
        "ACTIVE": 89.94761904761904,
        "INACTIVE": 10.05285965998381,
        "INVALID": 0,
        "MALICIOUS": 0,
        "SANE": 0,
        "VALID": 0,
        "total": 100.00047870760285
    }
}