{
    "counter": {
        "ACTIVE": 18619,
        "INACTIVE": 2381,
        "INVALID": 0,
        "MALICIOUS": 0,
        "SANE": 0,
        "VALID": 0,
        "total": 21000
    },
    "percentage": {
        "ACTIVE": 88.66190476190476,
        "INACTIVE": 11.341875863383033,
        "INVALID": 0,
        "MALICIOUS": 0,
        "SANE": 0,
        "VALID": 0,
        "total": 100.0037806252878
    }
}