{
    "counter": {
        "ACTIVE": 18937,
        "INACTIVE": 2063,
        "INVALID": 0,
        "MALICIOUS": 0,
        "SANE": 0,
        "VALID": 0,
        "total": 21000
    },
    "percentage": {
        "ACTIVE": 90.17619047619047,
        "INACTIVE": 9.827085218882484,
        "INVALID": 0,
        "MALICIOUS": 0,
        "SANE": 0,
        "VALID": 0,
        "total": 100.00327569507296
    }
}