{
    "counter": {
        "ACTIVE": 17439,
        "INACTIVE": 3557,
        "INVALID": 4,
        "MALICIOUS": 0,
        "SANE": 0,
        "VALID": 0,
        "total": 21000
    },
    "percentage": {
        "ACTIVE": 83.04681175294061,
        "INACTIVE": 16.938095238095237,
        "INVALID": 0.029452912156689492,
        "MALICIOUS": 0,
        "SANE": 0,
        "VALID": 0,
        "total": 100.01435990319253
    }
}